<?xml version="1.0"?>
<doc>
    <assembly>
        <name>ReactiveProperty.DataAnnotations</name>
    </assembly>
    <members>
        <member name="M:Reactive.Bindings.ReactivePropertyExtensions.SetValidateAttribute``1(Reactive.Bindings.ReactiveProperty{``0},System.Linq.Expressions.Expression{System.Func{Reactive.Bindings.ReactiveProperty{``0}}})">
            <summary>
            Set validation logic from DataAnnotations attributes.
            </summary>
            <typeparam name="T">Property type</typeparam>
            <param name="self">Target ReactiveProperty</param>
            <param name="selfSelector">Target property as expression</param>
            <returns>Self</returns>
        </member>
    </members>
</doc>
